"id","buyer_id","product_id","quantity","unit_price","total_fob","incoterm","freight_cost","insurance_amount","hs_code","origin_country","destination_country","origin_port","destination_port","shipment_date","days_in_transit","customs_status","drawback_amount","payment_status","days_to_payment","container_type"
"1","1","1","2106","4.9","10308.87","FOB","0.0","0.0","62091000","India","Malaysia","JNPT Mumbai","Port of Port Klang","2026-02-10","7","rejected","0.0","received","12.0","40ft"
"2","2","2","1891","11.12","21037.38","DDP","2704.04","223.26","62035200","India","USA","JNPT Mumbai","Port of Long Beach","2025-12-14","34","cleared","820.13","received","33.0","20ft"
"3","1","9","2887","17.06","49259.44","FOB","0.0","0.0","60022000","India","USA","JNPT Mumbai","Port of Long Beach","2025-12-29","31","rejected","0.0","received","13.0","40ft"
"4","5","9","2917","19.5","56881.5","FOB","0.0","0.0","60022000","India","Australia","Port of Chennai","Port of Melbourne","2026-01-13","12","cleared","2316.47","pending","","40ft"
"5","2","3","3062","87.55","268078.1","FOB","0.0","0.0","84713000","India","Singapore","Port of Cochin","Port of Singapore","2025-11-21","6","pending","0.0","overdue","82.0","LCL"
"6","6","10","927","4.27","3962.92","CIF","2406.82","26.26","85395000","India","Malaysia","JNPT Mumbai","Port of Port Klang","2025-12-12","11","cleared","172.0","pending","","20ft"
"7","4","2","4475","13.63","60971.88","FOB","0.0","0.0","62035200","India","Canada","JNPT Mumbai","Port of Vancouver","2026-01-14","32","rejected","0.0","overdue","79.0","20ft"
"8","5","3","1899","90.95","172714.05","EXW","0.0","0.0","84713000","India","Malaysia","JNPT Mumbai","Port of Port Klang","2025-12-15","6","rejected","0.0","overdue","37.0","LCL"
"9","2","11","1828","9.65","17644.77","EXW","0.0","0.0","83062000","India","Canada","JNPT Mumbai","Port of Vancouver","2025-12-13","35","pending","0.0","pending","","20ft"
"10","6","1","1270","5.0","6356.35","DDP","2616.57","67.46","62091000","India","Australia","Port of Chennai","Port of Melbourne","2026-01-29","16","rejected","0.0","pending","","40ft"
"11","1","3","4274","85.0","363290.0","DDP","3011.56","4944.75","84713000","India","UAE","Mundra Port","Jebel Ali Port","2026-02-04","10","cleared","12061.1","pending","","20ft"
"12","5","2","3226","13.0","43438.0","DDP","3170.12","315.13","62035200","India","Hong Kong","Port of Cochin","Port of Hong Kong","2026-02-11","8","cleared","1862.65","overdue","78.0","40ft"
"13","2","11","2504","8.0","20038.26","EXW","0.0","0.0","83062000","India","USA","JNPT Mumbai","Port of Long Beach","2025-11-16","35","pending","0.0","overdue","86.0","20ft"
"14","5","9","971","21.56","20937.19","EXW","0.0","0.0","60022000","India","Malaysia","JNPT Mumbai","Port of Port Klang","2026-02-05","10","cleared","840.7","overdue","47.0","LCL"
"15","1","8","4444","1.4","6239.38","CIF","1398.42","0.0","8471300","India","Hong Kong","Port of Cochin","Port of Hong Kong","2026-01-01","9","cleared","296.83","pending","","LCL"
"16","6","2","745","10.38","7729.38","CIF","1228.99","0.0","62035200","India","Germany","Port of Cochin","Port of Hamburg","2025-12-02","27","cleared","333.87","received","35.0","LCL"
"17","3","8","1835","1.4","2576.34","EXW","0.0","0.0","40169000","India","Hong Kong","Port of Cochin","Port of Hong Kong","2025-12-25","11","rejected","0.0","overdue","55.0","40ft"
"18","6","4","1091","2.02","2209.28","EXW","0.0","0.0","39269090","India","Hong Kong","Port of Cochin","Port of Hong Kong","2025-12-29","9","rejected","0.0","pending","","40ft"
"19","2","4","681","2.43","1654.83","CIF","1617.75","0.0","39269090","India","Australia","Port of Chennai","Port of Melbourne","2025-12-28","12","cleared","51.99","overdue","55.0","20ft"
"20","1","9","4517","15.94","71989.69","EXW","0.0","0.0","60022000","India","China","JNPT Mumbai","Port of Shanghai","2025-12-17","17","pending","0.0","overdue","75.0","20ft"
"21","2","4","894","2.39","2132.19","DDP","2208.6","19.43","39269090","India","Netherlands","Port of Cochin","Port of Rotterdam","2026-02-10","24","cleared","91.83","pending","","20ft"
"22","2","12","2879","7.56","21765.24","FOB","0.0","0.0","09101900","India","Canada","JNPT Mumbai","Port of Vancouver","2025-12-17","31","pending","0.0","received","31.0","LCL"
"23","3","2","3556","10.88","38671.5","CIF","2425.26","222.51","62035200","India","Singapore","Port of Cochin","Port of Singapore","2025-11-22","6","pending","0.0","overdue","71.0","20ft"
"24","2","8","3429","1.19","4073.65","FOB","0.0","0.0","40169000","India","USA","JNPT Mumbai","Port of Long Beach","2026-01-06","31","cleared","195.73","received","30.0","20ft"
"25","3","9","3827","17.06","65298.19","DDP","3741.48","803.5","60022000","India","Malaysia","JNPT Mumbai","Port of Port Klang","2025-12-05","13","pending","0.0","received","21.0","40ft"
"26","6","1","4541","4.51","20479.91","EXW","0.0","0.0","62091000","India","Australia","Port of Chennai","Port of Melbourne","2025-11-23","17","cleared","634.94","received","45.0","LCL"
"27","3","7","1622","2.9","4711.91","CIF","1635.92","42.59","69099000","India","Japan","Port of Chennai","Port of Tokyo","2026-01-29","16","rejected","0.0","received","16.0","20ft"
"28","3","1","4730","5.56","26275.15","FOB","0.0","0.0","62091000","India","Australia","Port of Chennai","Port of Melbourne","2025-12-12","16","rejected","0.0","pending","","LCL"
"29","3","10","1172","4.82","5643.18","EXW","0.0","0.0","85395000","India","Netherlands","Port of Cochin","Port of Rotterdam","2026-01-13","28","pending","0.0","received","25.0","40ft"
"30","4","4","4712","2.7","12722.4","FOB","0.0","0.0","39269090","India","China","JNPT Mumbai","Port of Shanghai","2026-01-23","11","pending","0.0","received","46.0","LCL"
"31","5","8","2101","1.14","2395.14","EXW","0.0","0.0","40169000","India","Germany","Port of Cochin","Port of Hamburg","2026-01-11","27","pending","0.0","received","29.0","20ft"
"32","3","11","948","9.74","9228.78","FOB","0.0","0.0","83062000","India","UAE","Mundra Port","Jebel Ali Port","2025-12-19","10","rejected","0.0","overdue","37.0","40ft"
"33","3","9","2331","17.06","39772.69","CIF","0.0","0.0","60022000","India","USA","JNPT Mumbai","Port of Long Beach","2025-12-29","31","rejected","0.0","overdue","43.0","20ft"
"34","2","2","516","10.5","5418.0","EXW","0.0","0.0","62035200","India","Malaysia","JNPT Mumbai","Port of Port Klang","2025-12-21","12","pending","0.0","overdue","42.0","40ft"
"35","3","8","2245","1.03","2316.84","FOB","0.0","0.0","40169000","India","Singapore","Port of Cochin","Port of Singapore","2026-01-25","12","cleared","102.2","pending","","LCL"
"36","1","4","1321","2.3","3031.7","FOB","0.0","0.0","39269090","India","Canada","JNPT Mumbai","Port of Vancouver","2026-01-29","35","cleared","124.45","received","23.0","LCL"
"37","4","8","426","1.39","592.99","CIF","2525.19","0.0","40169000","India","Malaysia","JNPT Mumbai","Port of Port Klang","2025-12-31","7","pending","0.0","received","53.0","40ft"
"38","4","12","3477","5.47","19010.5","CIF","2973.13","0.0","09101900","India","UAE","Mundra Port","Jebel Ali Port","2026-02-09","14","cleared","898.84","received","47.0","20ft"
"39","1","4","3233","2.59","8365.39","EXW","0.0","0.0","39269090","India","Malaysia","JNPT Mumbai","Port of Port Klang","2025-12-14","13","rejected","0.0","received","16.0","20ft"
"40","5","10","1926","3.65","7020.27","DDP","1886.26","58.15","85395000","India","Malaysia","JNPT Mumbai","Port of Port Klang","2025-12-21","7","pending","0.0","pending","","20ft"
"41","4","6","326","0.64","207.82","DDP","4426.0","1.41","73181500","India","Singapore","Port of Cochin","Port of Singapore","2025-11-20","9","rejected","0.0","overdue","61.0","40ft"
"42","1","5","3674","46.8","171943.2","DDP","3278.56","1522.03","94015090","India","Australia","Port of Chennai","Port of Melbourne","2025-12-18","15","rejected","0.0","pending","","40ft"
"43","1","8","1714","1.14","1953.96","DDP","604.96","22.75","40169000","India","Japan","Port of Chennai","Port of Tokyo","2026-02-03","18","rejected","0.0","received","20.0","LCL"
"44","3","10","2633","4.82","12677.9","FOB","0.0","0.0","85395000","India","Hong Kong","Port of Cochin","Port of Hong Kong","2026-01-06","13","pending","0.0","received","","LCL"
"45","1","5","3544","48.15","170643.6","EXW","0.0","0.0","94015090","India","Canada","JNPT Mumbai","Port of Vancouver","2026-02-10","36","cleared","7672.6","overdue","36.0","20ft"
"46","4","9","2589","17.06","44174.81","EXW","0.0","0.0","60022000","India","Netherlands","Port of Cochin","Port of Rotterdam","2026-01-29","30","rejected","0.0","pending","","20ft"
"47","4","12","1850","6.75","12487.5","EXW","0.0","0.0","09101900","India","Singapore","Port of Cochin","Port of Singapore","2026-02-08","7","pending","0.0","pending","","40ft"
"48","1","11","2845","6.93","19715.85","EXW","0.0","0.0","83062000","India","Canada","JNPT Mumbai","Port of Vancouver","2026-02-10","33","rejected","0.0","overdue","44.0","LCL"
"49","2","7","478","3.15","1505.7","CIF","2450.27","8.63","69099000","India","Malaysia","JNPT Mumbai","Port of Port Klang","2026-02-04","12","cleared","62.51","received","37.0","20ft"
"50","6","4","145","2.61","378.45","DDP","3220.88","5.24","39269090","India","China","JNPT Mumbai","Port of Shanghai","2025-12-14","16","cleared","12.68","pending","","20ft"
"51","5","8","1094","1.18","1286.54","DDP","3102.83","15.02","40169000","India","Malaysia","JNPT Mumbai","Port of Port Klang","2026-01-11","11","rejected","0.0","received","33.0","20ft"
"52","2","7","3786","3.15","11925.9","DDP","2618.1","135.68","69099000","India","Japan","Port of Chennai","Port of Tokyo","2026-02-04","20","rejected","0.0","received","32.0","40ft"
"53","3","6","2440","0.67","1628.7","EXW","0.0","0.0","73181500","India","China","JNPT Mumbai","Port of Shanghai","2025-12-26","15","cleared","77.95","pending","","LCL"
"54","6","10","1351","4.86","6565.86","CIF","2160.57","0.0","85395000","India","Hong Kong","Port of Cochin","Port of Hong Kong","2026-01-08","15","cleared","205.15","received","43.0","40ft"
"55","5","9","4816","17.81","85785.0","EXW","2500.0","730.68","60022000","India","Malaysia","JNPT Mumbai","Port of Port Klang","2026-01-08","12","rejected","0.0","overdue","69.0","20ft"
"56","4","10","3670","4.46","16349.85","CIF","2972.14","212.24","85395000","India","UK","JNPT Mumbai","Port of Rotterdam","2026-01-14","25","cleared","791.18","pending","","40ft"
"57","5","6","322","0.62","200.44","FOB","0.0","0.0","73181500","India","Malaysia","JNPT Mumbai","Port of Port Klang","2025-12-03","12","rejected","0.0","pending","","LCL"
"58","3","4","2781","1.98","5506.38","CIF","2817.11","48.41","39269090","India","UAE","Mundra Port","Jebel Ali Port","2025-12-18","14","pending","0.0","received","17.0","40ft"
"59","1","6","526","0.9","473.4","DDP","1024.94","5.44","73181500","India","USA","JNPT Mumbai","Port of Long Beach","2025-11-19","28","rejected","0.0","received","17.0","LCL"
"60","3","10","2054","3.82","7856.55","CIF","2838.92","56.41","85395000","India","Canada","JNPT Mumbai","Port of Vancouver","2026-01-02","34","rejected","0.0","received","20.0","20ft"
"61","5","10","4840","3.65","17641.8","FOB","0.0","0.0","85395000","India","Japan","Port of Chennai","Port of Tokyo","2026-01-28","17","pending","0.0","received","32.0","20ft"
"62","5","12","4950","7.29","36085.5","DDP","2754.48","217.2","09101900","India","Canada","JNPT Mumbai","Port of Vancouver","2026-02-11","34","cleared","1515.89","overdue","42.0","20ft"
"63","5","4","3135","1.87","5854.61","FOB","0.0","0.0","39269090","India","China","JNPT Mumbai","Port of Shanghai","2025-11-17","15","rejected","0.0","pending","","40ft"
"64","5","7","3866","3.78","14613.48","DDP","3088.72","180.3","69099000","India","Australia","Port of Chennai","Port of Melbourne","2026-02-02","16","pending","0.0","received","35.0","40ft"
"65","6","3","2298","79.05","181656.9","DDP","868.24","2606.09","84713000","India","Canada","JNPT Mumbai","Port of Vancouver","2026-01-12","34","rejected","0.0","pending","","LCL"
"66","6","2","3204","11.62","37246.5","DDP","1241.46","307.29","62035200","India","Singapore","Port of Cochin","Port of Singapore","2025-12-13","12","rejected","0.0","overdue","67.0","LCL"
"67","6","3","2363","86.7","204872.1","EXW","0.0","10243.61","84713000","India","Australia","Port of Chennai","Port of Melbourne","2025-11-26","15","pending","0.0","pending","","LCL"
"68","1","1","4000","5.83","23320.0","DDP","2481.64","301.51","62091000","India","Hong Kong","Port of Cochin","Port of Hong Kong","2025-12-23","9","rejected","0.0","pending","","20ft"
"69","2","10","4864","4.27","20793.6","DDP","3383.68","175.45","85395000","India","Japan","Port of Chennai","Port of Tokyo","2025-12-31","18","cleared","916.11","overdue","57.0","40ft"
"70","5","10","1677","4.19","7018.25","EXW","0.0","0.0","85395000","India","Hong Kong","Port of Cochin","Port of Hong Kong","2025-12-10","10","cleared","240.92","pending","","20ft"
"71","1","11","4988","7.51","37447.41","EXW","0.0","0.0","83062000","India","Malaysia","JNPT Mumbai","Port of Port Klang","2025-12-10","7","rejected","0.0","overdue","43.0","LCL"
"72","6","7","215","3.78","812.7","CIF","2316.46","0.0","69099000","India","China","JNPT Mumbai","Port of Shanghai","2026-01-25","10","cleared","29.13","pending","","40ft"
"73","3","11","2429","8.17","19838.86","DDP","1160.7","135.77","83062000","India","Canada","JNPT Mumbai","Port of Vancouver","2025-12-18","30","cleared","968.56","received","30.0","LCL"
"74","4","8","706","1.24","872.62","FOB","0.0","0.0","40169000","India","USA","JNPT Mumbai","Port of Long Beach","2025-12-05","28","pending","0.0","received","44.0","40ft"
"75","5","8","4671","1.33","6221.77","EXW","0.0","0.0","40169000","India","UAE","Mundra Port","Jebel Ali Port","2026-01-21","11","cleared","233.99","received","34.0","20ft"
"76","2","4","4758","2.36","11240.78","EXW","0.0","0.0","39269090","India","USA","JNPT Mumbai","Port of Long Beach","2025-12-12","29","pending","0.0","overdue","80.0","40ft"
"77","6","1","1386","4.95","6860.7","CIF","2603.98","0.0","62091000","India","Malaysia","JNPT Mumbai","Port of Port Klang","2026-01-12","12","rejected","0.0","pending","","20ft"
"78","1","8","2460","1.3","3188.16","DDP","2905.98","30.42","40169000","India","Netherlands","Port of Cochin","Port of Rotterdam","2025-12-19","27","cleared","145.88","pending","","20ft"
"79","5","12","1941","7.16","13887.86","CIF","1862.62","79.36","09101900","India","Australia","Port of Chennai","Port of Melbourne","2025-12-25","14","cleared","581.91","pending","","LCL"
"80","2","10","2591","4.86","12592.26","EXW","0.0","0.0","85395000","India","Australia","Port of Chennai","Port of Melbourne","2026-01-19","16","cleared","513.76","pending","","40ft"
"81","2","8","2740","1.25","3419.52","FOB","0.0","0.0","40169000","India","UAE","Mundra Port","Jebel Ali Port","2025-11-27","8","cleared","118.24","overdue","83.0","40ft"
"82","1","4","429","2.5","1071.43","FOB","0.0","0.0","39269090","India","Malaysia","JNPT Mumbai","Port of Port Klang","2026-01-15","8","pending","0.0","overdue","58.0","LCL"
"83","5","12","3670","7.09","26011.12","DDP","1237.59","153.79","09101900","India","Japan","Port of Chennai","Port of Tokyo","2026-01-07","18","cleared","953.73","pending","","LCL"
"84","2","9","4158","17.25","71725.5","FOB","0.0","0.0","60022000","India","UK","JNPT Mumbai","Port of Rotterdam","2026-01-25","29","pending","0.0","received","26.0","40ft"
"85","6","10","2748","3.82","10511.1","DDP","3931.37","143.47","85395000","India","Netherlands","Port of Cochin","Port of Rotterdam","2026-02-08","24","pending","0.0","received","44.0","40ft"
"86","5","10","3063","4.73","14472.68","DDP","1247.74","136.34","85395000","India","Singapore","Port of Cochin","Port of Singapore","2025-12-12","5","cleared","511.48","received","24.0","LCL"
"87","3","1","1094","4.46","4873.77","EXW","0.0","0.0","62091000","India","China","JNPT Mumbai","Port of Shanghai","2026-02-14","13","rejected","0.0","pending","","40ft"
"88","6","3","3442","71.4","245758.8","EXW","0.0","0.0","84713000","India","Netherlands","Port of Cochin","Port of Rotterdam","2026-01-14","25","cleared","12027.73","overdue","86.0","LCL"
"89","3","10","4268","4.86","20742.48","CIF","3038.73","0.0","85395000","India","Australia","Port of Chennai","Port of Melbourne","2025-12-17","19","rejected","0.0","pending","","40ft"
"90","5","11","4263","9.08","38686.73","CIF","704.76","0.0","83062000","India","Hong Kong","Port of Cochin","Port of Hong Kong","2025-12-29","14","cleared","1883.46","pending","","LCL"
"91","5","8","2545","1.36","3451.02","EXW","0.0","0.0","40169000","India","Singapore","Port of Cochin","Port of Singapore","2025-12-05","12","rejected","75000.0","received","34.0","LCL"
"92","3","9","4551","17.81","81064.69","DDP","1899.28","1110.26","60022000","India","Hong Kong","Port of Cochin","Port of Hong Kong","2026-01-28","11","pending","0.0","pending","","LCL"
"93","1","11","3974","8.91","35408.34","CIF","4028.52","0.0","83062000","India","China","JNPT Mumbai","Port of Shanghai","2026-01-18","12","cleared","1745.51","pending","","40ft"
"94","3","9","4408","21.75","95874.0","EXW","0.0","0.0","60022000","India","USA","JNPT Mumbai","Port of Long Beach","2025-12-04","28","pending","0.0","received","28.0","20ft"
"95","2","9","2873","19.69","56562.19","CIF","2993.71","0.0","60022000","India","Malaysia","JNPT Mumbai","Port of Port Klang","2026-02-10","11","pending","0.0","received","37.0","40ft"
"96","1","1","4532","4.46","20190.06","EXW","0.0","0.0","62091000","India","Hong Kong","Port of Cochin","Port of Hong Kong","2025-12-16","9","rejected","0.0","overdue","65.0","40ft"
"97","2","7","3655","4.16","15223.08","EXW","0.0","0.0","69099000","India","China","JNPT Mumbai","Port of Shanghai","2026-01-11","11","rejected","0.0","received","30.0","20ft"
"98","1","10","559","4.14","2314.26","EXW","0.0","0.0","85395000","India","Japan","Port of Chennai","Port of Tokyo","2026-01-10","18","cleared","76.17","received","23.0","40ft"
"99","1","8","3233","1.26","4073.58","CIF","1981.66","26.2","40169000","India","UAE","Mundra Port","Jebel Ali Port","2026-02-05","15","cleared","142.9","received","18.0","20ft"
"100","3","6","4577","0.64","2952.16","FOB","0.0","0.0","73181500","India","UAE","Mundra Port","Jebel Ali Port","2025-12-30","15","pending","0.0","pending","","LCL"
"101","6","4","2148","2.2","4736.34","EXW","0.0","0.0","39269090","India","Netherlands","Port of Cochin","Port of Rotterdam","2025-12-11","28","pending","0.0","overdue","69.0","LCL"
"102","5","2","4785","11.75","56223.75","DDP","2739.68","674.28","62035200","India","Malaysia","JNPT Mumbai","Port of Port Klang","2026-02-08","6","cleared","2131.79","received","20.0","40ft"
"103","2","1","2444","6.1","14920.62","FOB","0.0","0.0","62091000","India","UK","JNPT Mumbai","Port of Rotterdam","2026-02-01","26","rejected","0.0","overdue","62.0","40ft"
"104","5","1","2153","5.89","12670.4","CIF","1581.39","169.57","62091000","India","Netherlands","Port of Cochin","Port of Rotterdam","2026-02-04","25","cleared","543.9","overdue","54.0","LCL"
"105","6","8","1176","1.01","1185.41","DDP","2737.78","14.79","40169000","India","Canada","JNPT Mumbai","Port of Vancouver","2025-12-11","32","rejected","0.0","received","34.0","40ft"
"106","1","8","1447","1.08","1562.76","EXW","0.0","0.0","40169000","India","Japan","Port of Chennai","Port of Tokyo","2025-12-23","20","rejected","0.0","overdue","72.0","40ft"
"107","4","12","1253","7.43","9303.53","EXW","0.0","0.0","09101900","India","Canada","JNPT Mumbai","Port of Vancouver","2026-02-10","33","pending","0.0","received","52.0","20ft"
"108","5","5","2266","45.45","102989.7","EXW","0.0","0.0","94015090","India","Hong Kong","Port of Cochin","Port of Hong Kong","2026-01-02","15","pending","0.0","received","28.0","20ft"
"109","1","1","2015","5.44","10971.68","DDP","2739.09","158.34","62091000","India","Canada","JNPT Mumbai","Port of Vancouver","2026-02-02","35","pending","0.0","overdue","39.0","20ft"
"110","1","5","2575","47.7","122827.5","FOB","0.0","0.0","94015090","India","Canada","JNPT Mumbai","Port of Vancouver","2025-12-03","31","pending","0.0","overdue","27.0","LCL"
"111","5","2","896","11.12","9968.0","FOB","0.0","0.0","62035200","India","Japan","Port of Chennai","Port of Tokyo","2026-01-04","15","pending","0.0","pending","","20ft"
"112","4","8","4525","1.16","5267.1","EXW","0.0","0.0","40169000","India","Malaysia","JNPT Mumbai","Port of Port Klang","2026-01-08","8","rejected","0.0","overdue","96.0","LCL"
"113","4","2","2391","10.12","24208.88","FOB","0.0","0.0","62035200","India","UAE","Mundra Port","Jebel Ali Port","2025-12-13","13","rejected","0.0","pending","","40ft"
"114","1","7","3109","3.57","11099.13","DDP","3455.69","95.31","69099000","India","Hong Kong","Port of Cochin","Port of Hong Kong","2025-12-21","14","pending","0.0","received","16.0","20ft"
"115","1","3","1837","90.1","165513.7","FOB","0.0","0.0","84713000","India","Malaysia","JNPT Mumbai","Port of Port Klang","2025-11-22","6","cleared","7569.92","pending","","LCL"
"116","2","12","4640","5.94","27561.6","CIF","1931.9","228.36","09101900","India","Hong Kong","Port of Cochin","Port of Hong Kong","2026-01-31","10","cleared","828.41","overdue","49.0","20ft"
"117","4","1","1000","5.83","5830.0","CIF","1551.56","0.0","62091000","India","China","JNPT Mumbai","Port of Shanghai","2026-01-30","13","pending","0.0","overdue","75.0","20ft"
"118","1","12","1138","7.43","8449.65","FOB","0.0","0.0","09101900","India","Germany","Port of Cochin","Port of Hamburg","2025-11-24","26","pending","0.0","received","25.0","20ft"
"119","2","7","993","3.43","3405.99","DDP","832.32","37.98","69099000","India","Japan","Port of Chennai","Port of Tokyo","2026-01-13","17","rejected","0.0","pending","","LCL"
"120","6","12","5000","20.96","104800.0","FOB","0.0","0.0","62091000","India","China","JNPT Mumbai","Port of Shanghai","2026-01-11","17","pending","0.0","received","32.0","40ft"
"121","2","11","638","7.01","4473.98","FOB","0.0","0.0","83062000","India","Australia","Port of Chennai","Port of Melbourne","2026-01-03","17","rejected","0.0","pending","","20ft"
"122","2","1","3624","4.62","16742.88","EXW","0.0","0.0","62091000","India","Canada","JNPT Mumbai","Port of Vancouver","2026-02-07","31","rejected","0.0","pending","","LCL"
"123","5","8","3489","1.13","3935.59","CIF","2407.0","0.0","40169000","India","Germany","Port of Cochin","Port of Hamburg","2025-12-26","26","pending","0.0","pending","","20ft"
"124","2","12","1350","7.22","9750.38","EXW","0.0","0.0","09101900","India","Malaysia","JNPT Mumbai","Port of Port Klang","2025-11-24","13","pending","0.0","overdue","45.0","40ft"
"125","2","4","3152","2.52","7943.04","FOB","0.0","0.0","39269090","India","Singapore","Port of Cochin","Port of Singapore","2026-01-30","5","pending","0.0","received","35.0","20ft"
"126","1","3","3564","97.75","348381.0","FOB","0.0","0.0","84713000","India","Netherlands","Port of Cochin","Port of Rotterdam","2025-12-22","24","pending","0.0","pending","","LCL"
"127","3","11","4256","7.34","31249.68","EXW","0.0","0.0","83062000","India","Australia","Port of Chennai","Port of Melbourne","2025-12-14","19","cleared","1467.03","pending","","LCL"
"128","2","10","1952","5.04","9838.08","EXW","0.0","0.0","85395000","India","Netherlands","Port of Cochin","Port of Rotterdam","2026-02-01","24","pending","0.0","received","33.0","LCL"
"129","1","5","2631","52.65","138522.15","FOB","0.0","0.0","94015090","India","USA","JNPT Mumbai","Port of Long Beach","2025-11-16","33","pending","0.0","received","15.0","LCL"
"130","1","2","670","10.75","7202.5","CIF","3582.93","0.0","62035200","India","Netherlands","Port of Cochin","Port of Rotterdam","2026-01-03","27","rejected","0.0","overdue","51.0","40ft"
"131","6","2","2652","13.63","36133.5","DDP","3942.09","385.76","62035200","India","Singapore","Port of Cochin","Port of Singapore","2025-11-22","6","cleared","1196.44","pending","","40ft"
"132","4","11","3729","8.75","32610.11","FOB","0.0","0.0","83062000","India","Germany","Port of Cochin","Port of Hamburg","2026-02-01","32","cleared","1266.61","overdue","72.0","40ft"
"133","5","6","3621","0.63","2281.23","CIF","3695.54","23.43","73181500","India","China","JNPT Mumbai","Port of Shanghai","2025-11-21","14","cleared","78.5","overdue","73.0","40ft"
"134","4","1","1830","6.1","11172.15","FOB","0.0","0.0","62091000","India","Hong Kong","Port of Cochin","Port of Hong Kong","2025-12-23","12","cleared","408.48","received","40.0","40ft"
"135","4","8","1158","1.14","1320.12","DDP","2907.34","13.2","40169000","India","Germany","Port of Cochin","Port of Hamburg","2025-11-25","30","pending","0.0","overdue","80.0","20ft"
"136","3","10","737","5.13","3780.81","FOB","0.0","0.0","85395000","India","Germany","Port of Cochin","Port of Hamburg","2026-01-28","31","cleared","144.01","pending","","40ft"
"137","3","9","270","22.31","6024.38","DDP","2429.68","87.21","60022000","India","UK","JNPT Mumbai","Port of Rotterdam","2026-02-12","30","cleared","291.55","pending","","40ft"
"138","4","8","4924","1.15","5672.45","DDP","2196.62","77.74","40169000","India","USA","JNPT Mumbai","Port of Long Beach","2025-12-14","33","cleared","207.96","received","45.0","40ft"
"139","2","8","4446","1.2","5335.2","FOB","0.0","0.0","40169000","India","Australia","Port of Chennai","Port of Melbourne","2025-12-30","17","rejected","0.0","overdue","86.0","20ft"
"140","6","2","2196","11.0","24156.0","CIF","2704.8","279.12","62035200","India","Netherlands","Port of Cochin","Port of Rotterdam","2026-02-04","26","cleared","963.4","received","44.0","20ft"
"141","2","10","3702","3.74","13826.97","EXW","0.0","0.0","85395000","India","Singapore","Port of Cochin","Port of Singapore","2026-02-04","12","pending","0.0","overdue","59.0","20ft"
"142","4","12","4256","5.6","23844.24","EXW","0.0","0.0","09101900","India","Singapore","Port of Cochin","Port of Singapore","2026-01-12","12","cleared","733.26","overdue","78.0","40ft"
"143","1","9","4966","18.75","93112.5","EXW","0.0","0.0","60022000","India","Germany","Port of Cochin","Port of Hamburg","2026-01-29","32","rejected","0.0","received","11.0","20ft"
"144","2","9","2733","19.5","53293.5","DDP","2502.73","776.87","60022000","India","UAE","Mundra Port","Jebel Ali Port","2025-11-29","15","rejected","0.0","overdue","61.0","20ft"
"145","3","7","420","3.15","1323.0","FOB","0.0","0.0","69099000","India","UAE","Mundra Port","Jebel Ali Port","2026-01-11","15","rejected","0.0","overdue","63.0","20ft"
"146","4","2","3273","12.0","39276.0","CIF","2845.92","506.36","62035200","India","Hong Kong","Port of Cochin","Port of Hong Kong","2025-11-24","13","pending","0.0","pending","","40ft"
"147","1","1","2427","4.95","12013.65","FOB","0.0","0.0","62091000","India","Canada","JNPT Mumbai","Port of Vancouver","2025-12-28","32","rejected","0.0","overdue","30.0","40ft"
"148","3","3","3310","72.25","239147.5","CIF","1563.25","0.0","84713000","India","Germany","Port of Cochin","Port of Hamburg","2026-02-06","31","pending","0.0","pending","","LCL"
"149","4","6","4412","0.63","2779.56","CIF","1505.68","14.4","73181500","India","Australia","Port of Chennai","Port of Melbourne","2025-12-09","16","rejected","0.0","overdue","68.0","LCL"
"150","2","8","1226","1.03","1265.23","EXW","0.0","0.0","40169000","India","Canada","JNPT Mumbai","Port of Vancouver","2025-11-28","34","cleared","50.8","pending","","20ft"
"151","3","12","1173","7.02","8234.46","FOB","0.0","0.0","09101900","India","UAE","Mundra Port","Jebel Ali Port","2025-12-06","10","pending","0.0","overdue","41.0","LCL"
"152","1","8","3465","1.14","3950.1","CIF","2939.17","43.87","40169000","India","USA","JNPT Mumbai","Port of Long Beach","2025-12-15","35","pending","0.0","overdue","59.0","20ft"
"153","4","11","3113","8.83","27480.01","CIF","2640.84","0.0","83062000","India","Germany","Port of Cochin","Port of Hamburg","2026-01-03","29","pending","0.0","pending","","20ft"
"154","4","4","1233","2.59","3190.39","DDP","578.27","31.28","39269090","India","Australia","Port of Chennai","Port of Melbourne","2026-01-25","17","cleared","155.33","received","43.0","LCL"
"155","3","12","3780","7.83","29597.4","EXW","0.0","0.0","09101900","India","Australia","Port of Chennai","Port of Melbourne","2026-01-10","14","cleared","942.21","received","22.0","40ft"
"156","6","6","536","0.72","385.92","DDP","2934.9","3.42","73181500","India","Singapore","Port of Cochin","Port of Singapore","2026-01-02","6","cleared","13.31","pending","","40ft"
"157","2","7","1296","3.01","3900.96","FOB","0.0","0.0","69099000","India","Hong Kong","Port of Cochin","Port of Hong Kong","2026-01-15","12","rejected","0.0","overdue","84.0","40ft"
"158","1","10","143","5.22","746.46","CIF","2047.51","0.0","85395000","India","Canada","JNPT Mumbai","Port of Vancouver","2026-01-25","32","pending","0.0","overdue","71.0","40ft"
"159","6","11","2567","7.01","18001.09","DDP","1976.88","205.02","83062000","India","Japan","Port of Chennai","Port of Tokyo","2025-11-24","20","pending","0.0","received","33.0","20ft"
"160","2","3","4321","87.55","378303.55","DDP","2937.09","2993.41","84713000","India","UAE","Mundra Port","Jebel Ali Port","2026-02-02","8","rejected","0.0","overdue","62.0","20ft"
"161","2","11","801","8.33","6674.33","CIF","2221.21","69.69","83062000","India","Singapore","Port of Cochin","Port of Singapore","2026-01-04","5","pending","0.0","overdue","70.0","20ft"
"162","6","3","2177","93.5","203549.5","FOB","0.0","0.0","84713000","India","Canada","JNPT Mumbai","Port of Vancouver","2025-11-24","35","pending","0.0","overdue","67.0","40ft"
"163","3","7","949","3.88","3686.86","CIF","1602.78","0.0","69099000","India","UAE","Mundra Port","Jebel Ali Port","2025-12-31","8","rejected","0.0","overdue","64.0","LCL"
"164","3","6","3906","0.89","3486.1","EXW","0.0","0.0","73181500","India","China","JNPT Mumbai","Port of Shanghai","2026-02-04","17","cleared","117.29","overdue","38.0","LCL"
"165","2","6","2503","0.66","1651.98","FOB","0.0","0.0","73181500","India","UAE","Mundra Port","Jebel Ali Port","2025-11-21","11","pending","0.0","overdue","60.0","20ft"
"166","5","11","3978","7.42","29536.65","EXW","0.0","0.0","83062000","India","USA","JNPT Mumbai","Port of Long Beach","2025-12-22","31","pending","0.0","overdue","57.0","LCL"
"167","1","2","1119","14.0","15666.0","FOB","0.0","0.0","62035200","India","Singapore","Port of Cochin","Port of Singapore","2026-01-06","11","pending","0.0","overdue","72.0","40ft"
"168","4","11","4164","8.91","37101.24","DDP","2234.69","481.31","83062000","India","Singapore","Port of Cochin","Port of Singapore","2025-11-26","9","pending","0.0","pending","","20ft"
"169","4","9","4568","17.25","78798.0","FOB","0.0","0.0","60022000","India","Malaysia","JNPT Mumbai","Port of Port Klang","2025-11-26","7","rejected","0.0","pending","","20ft"
"170","2","5","3590","39.15","140548.5","EXW","0.0","0.0","94015090","India","Malaysia","JNPT Mumbai","Port of Port Klang","2025-12-30","13","pending","0.0","pending","","LCL"
"171","5","5","3663","40.95","149999.85","FOB","0.0","0.0","94015090","India","USA","JNPT Mumbai","Port of Long Beach","2025-11-25","28","pending","0.0","overdue","77.0","LCL"
"172","5","8","1410","1.42","1996.56","DDP","714.17","22.11","40169000","India","Hong Kong","Port of Cochin","Port of Hong Kong","2025-11-20","15","rejected","0.0","pending","","LCL"
"173","4","9","3066","17.81","54613.12","FOB","0.0","0.0","60022000","India","Germany","Port of Cochin","Port of Hamburg","2026-02-01","25","rejected","0.0","received","44.0","40ft"
"174","1","9","729","19.31","14078.81","DDP","3323.65","126.43","60022000","India","Malaysia","JNPT Mumbai","Port of Port Klang","2025-12-17","10","pending","0.0","pending","","40ft"
"175","4","8","4341","1.14","4948.74","FOB","0.0","0.0","40169000","India","Japan","Port of Chennai","Port of Tokyo","2025-12-19","14","cleared","225.16","overdue","100.0","40ft"
"176","2","5","4123","39.6","163270.8","DDP","2339.32","937.26","94015090","India","Germany","Port of Cochin","Port of Hamburg","2026-01-11","27","rejected","0.0","received","27.0","40ft"
"177","6","5","631","45.9","28962.9","EXW","0.0","0.0","94015090","India","USA","JNPT Mumbai","Port of Long Beach","2025-12-24","32","pending","0.0","overdue","55.0","LCL"
"178","5","8","1094","1.43","1562.23","CIF","3084.13","0.0","40169000","India","China","JNPT Mumbai","Port of Shanghai","2025-11-19","17","rejected","0.0","pending","","20ft"
"179","3","10","806","3.74","3010.41","EXW","0.0","0.0","85395000","India","Malaysia","JNPT Mumbai","Port of Port Klang","2026-01-16","12","rejected","0.0","pending","","20ft"
"180","1","12","1126","8.03","9044.59","DDP","2784.68","85.92","09101900","India","Malaysia","JNPT Mumbai","Port of Port Klang","2025-12-02","60","rejected","0.0","pending","","20ft"
"181","3","6","553","0.85","468.67","CIF","1277.15","0.0","73181500","India","Australia","Port of Chennai","Port of Melbourne","2025-12-27","14","pending","0.0","received","22.0","LCL"
"182","1","3","2152","74.8","160969.6","EXW","0.0","0.0","84713000","India","UK","JNPT Mumbai","Port of Rotterdam","2025-12-02","27","pending","0.0","overdue","65.0","20ft"
"183","4","10","4217","4.77","20115.09","EXW","0.0","0.0","85395000","India","Germany","Port of Cochin","Port of Hamburg","2025-12-07","27","rejected","0.0","overdue","97.0","20ft"
"184","1","1","765","4.51","3450.15","EXW","0.0","0.0","62091000","India","Germany","Port of Cochin","Port of Hamburg","2026-02-07","29","cleared","118.05","overdue","61.0","20ft"
"185","4","9","4179","21.75","90893.25","DDP","2591.15","1037.92","60022000","India","Australia","Port of Chennai","Port of Melbourne","2026-01-16","16","rejected","0.0","overdue","70.0","20ft"
"186","6","11","590","7.1","4186.05","DDP","2331.24","40.37","83062000","India","UK","JNPT Mumbai","Port of Rotterdam","2026-02-01","28","pending","0.0","pending","","20ft"
"187","6","4","2929","2.68","7842.4","EXW","0.0","0.0","39269090","India","Germany","Port of Cochin","Port of Hamburg","2026-01-02","27","pending","0.0","overdue","77.0","LCL"
"188","2","7","1103","3.18","3513.06","FOB","0.0","0.0","69099000","India","UAE","Mundra Port","Jebel Ali Port","2025-12-04","11","cleared","112.19","pending","","40ft"
"189","1","3","1408","96.05","135238.4","DDP","3367.5","1651.43","84713000","India","Singapore","Port of Cochin","Port of Singapore","2025-12-06","8","pending","0.0","overdue","56.0","20ft"
"190","6","9","289","15.75","4551.75","DDP","2983.11","43.57","60022000","India","Canada","JNPT Mumbai","Port of Vancouver","2025-12-13","33","pending","0.0","pending","","40ft"
"191","5","7","4154","3.64","15120.56","EXW","0.0","0.0","69099000","India","Hong Kong","Port of Cochin","Port of Hong Kong","2025-12-22","15","cleared","615.92","received","23.0","40ft"
"192","3","8","3096","1.33","4123.87","DDP","1048.91","37.14","40169000","India","Singapore","Port of Cochin","Port of Singapore","2026-01-01","8","pending","0.0","received","24.0","LCL"
"193","2","4","4604","2.05","9426.69","FOB","0.0","0.0","39269090","India","Canada","JNPT Mumbai","Port of Vancouver","2025-12-02","31","rejected","0.0","pending","","40ft"
"194","4","8","3095","1.32","4085.4","DDP","798.59","41.23","40169000","India","Canada","JNPT Mumbai","Port of Vancouver","2025-11-21","30","pending","0.0","pending","","LCL"
"195","1","2","4354","12.25","53336.5","CIF","3515.65","441.61","62035200","India","Germany","Port of Cochin","Port of Hamburg","2025-12-06","30","pending","0.0","overdue","50.0","40ft"
"196","4","5","4275","45.45","194298.75","EXW","0.0","0.0","94015090","India","Hong Kong","Port of Cochin","Port of Hong Kong","2026-01-15","12","pending","0.0","overdue","56.0","LCL"
"197","2","5","3512","46.35","162781.2","EXW","0.0","0.0","94015090","India","China","JNPT Mumbai","Port of Shanghai","2026-01-31","10","rejected","0.0","pending","","20ft"
"198","1","10","1964","4.9","9633.42","EXW","0.0","0.0","85395000","India","Singapore","Port of Cochin","Port of Singapore","2025-12-07","12","rejected","0.0","overdue","58.0","LCL"
"199","2","6","358","0.77","276.56","DDP","2901.04","1.91","73181500","India","Hong Kong","Port of Cochin","Port of Hong Kong","2025-12-26","15","rejected","0.0","received","38.0","20ft"
"200","5","6","3461","45.0","155745.0","CIF","16337.76","0.0","60022000","India","Australia","Port of Chennai","Port of Melbourne","2026-02-14","12","rejected","0.0","pending","","20ft"
"201","2","11","4018","8.33","33479.98","CIF","970.63","0.0","83062000","India","China","JNPT Mumbai","Port of Shanghai","2026-01-24","15","pending","0.0","overdue","62.0","LCL"
"202","2","3","2119","77.35","163904.65","EXW","0.0","0.0","84713000","India","USA","JNPT Mumbai","Port of Long Beach","2025-12-14","32","pending","0.0","overdue","59.0","20ft"
"203","6","5","4105","41.85","171794.25","EXW","0.0","0.0","94015090","India","Netherlands","Port of Cochin","Port of Rotterdam","2026-01-26","29","cleared","8361.91","overdue","95.0","LCL"
"204","1","2","4549","11.88","54019.38","EXW","0.0","0.0","62035200","India","Germany","Port of Cochin","Port of Hamburg","2025-12-30","31","cleared","2651.93","pending","","LCL"
"205","1","9","747","17.62","13165.88","EXW","0.0","0.0","60022000","India","Netherlands","Port of Cochin","Port of Rotterdam","2026-02-07","31","pending","0.0","received","18.0","LCL"
"206","2","4","2321","2.63","6110.03","DDP","1544.26","38.94","39269090","India","UK","JNPT Mumbai","Port of Rotterdam","2025-12-17","26","cleared","189.5","received","32.0","LCL"
"207","4","12","2805","7.36","20637.79","CIF","2251.36","104.26","09101900","India","USA","JNPT Mumbai","Port of Long Beach","2026-01-07","30","cleared","888.62","received","55.0","40ft"
"208","6","5","2731","40.95","111834.45","DDP","2147.91","1418.87","94015090","India","UK","JNPT Mumbai","Port of Rotterdam","2026-01-23","26","cleared","5007.25","overdue","47.0","40ft"
"209","4","2","3352","14.0","46928.0","CIF","1872.62","643.99","62035200","India","Germany","Port of Cochin","Port of Hamburg","2025-11-20","29","cleared","1416.54","pending","","20ft"
"210","3","12","4550","6.82","31019.62","FOB","0.0","0.0","09101900","India","Canada","JNPT Mumbai","Port of Vancouver","2026-01-19","32","pending","0.0","pending","","40ft"
"211","5","7","1431","3.82","5459.26","EXW","0.0","0.0","69099000","India","UAE","Mundra Port","Jebel Ali Port","2025-12-09","12","cleared","165.32","received","30.0","40ft"
"212","3","11","1537","8.58","13187.46","EXW","0.0","0.0","83062000","India","UAE","Mundra Port","Jebel Ali Port","2026-01-09","14","rejected","0.0","overdue","62.0","20ft"
"213","3","7","881","3.04","2682.64","EXW","0.0","0.0","69099000","India","USA","JNPT Mumbai","Port of Long Beach","2026-01-16","30","pending","0.0","received","25.0","LCL"
"214","2","1","2029","5.39","10936.31","CIF","2667.49","0.0","62091000","India","Canada","JNPT Mumbai","Port of Vancouver","2025-12-19","30","pending","0.0","received","36.0","40ft"
"215","6","11","3912","7.59","29692.08","CIF","2310.83","414.24","83062000","India","UAE","Mundra Port","Jebel Ali Port","2026-02-12","12","rejected","0.0","received","33.0","20ft"
"216","2","10","1895","5.31","10062.45","EXW","0.0","0.0","85395000","India","Japan","Port of Chennai","Port of Tokyo","2025-12-05","20","rejected","0.0","pending","","20ft"
"217","3","4","3957","2.48","9793.58","EXW","0.0","0.0","39269090","India","UK","JNPT Mumbai","Port of Rotterdam","2025-12-17","26","rejected","0.0","pending","","LCL"
"218","3","11","3063","6.85","20973.89","FOB","0.0","0.0","83062000","India","Malaysia","JNPT Mumbai","Port of Port Klang","2025-11-23","7","pending","0.0","overdue","65.0","LCL"
"219","2","9","1447","17.44","25232.06","CIF","2540.68","0.0","60022000","India","Malaysia","JNPT Mumbai","Port of Port Klang","2026-01-29","9","rejected","0.0","overdue","71.0","20ft"
"220","1","1","3814","4.68","17830.45","FOB","0.0","0.0","62091000","India","UAE","Mundra Port","Jebel Ali Port","2026-01-13","14","pending","0.0","overdue","61.0","20ft"
"221","4","7","2624","3.82","10010.56","FOB","0.0","0.0","69099000","India","Singapore","Port of Cochin","Port of Singapore","2025-12-18","11","pending","0.0","overdue","55.0","LCL"
"222","5","12","3570","6.34","22651.65","CIF","1627.52","324.96","09101900","India","UAE","Mundra Port","Jebel Ali Port","2026-01-15","9","cleared","693.93","overdue","61.0","20ft"
"223","3","3","3543","80.75","286097.25","CIF","1837.0","0.0","84713000","India","Netherlands","Port of Cochin","Port of Rotterdam","2026-01-03","30","rejected","0.0","received","17.0","LCL"
"224","3","11","1562","9.9","15463.8","CIF","2286.12","0.0","83062000","India","Germany","Port of Cochin","Port of Hamburg","2025-11-16","28","pending","0.0","overdue","78.0","20ft"
"225","3","3","4560","82.45","375972.0","FOB","0.0","0.0","84713000","India","Singapore","Port of Cochin","Port of Singapore","2025-12-15","11","pending","0.0","pending","","LCL"
"226","5","6","1644","0.88","1442.61","DDP","3812.56","8.84","73181500","India","Malaysia","JNPT Mumbai","Port of Port Klang","2026-02-02","12","cleared","65.38","pending","","40ft"
"227","1","2","4965","10.12","50270.62","CIF","2695.57","275.82","62035200","India","Australia","Port of Chennai","Port of Melbourne","2026-01-06","12","cleared","1949.46","received","16.0","20ft"
"228","3","6","2018","0.85","1710.26","FOB","0.0","0.0","73181500","India","Netherlands","Port of Cochin","Port of Rotterdam","2026-01-28","29","rejected","0.0","received","25.0","40ft"
"229","1","9","4370","16.69","72924.38","CIF","950.75","0.0","60022000","India","Japan","Port of Chennai","Port of Tokyo","2026-02-04","15","cleared","3177.68","pending","","LCL"
"230","5","8","3222","1.33","4291.7","DDP","978.1","39.33","40169000","India","Netherlands","Port of Cochin","Port of Rotterdam","2025-12-24","26","pending","0.0","received","32.0","LCL"
"231","3","3","1946","78.2","152177.2","CIF","2915.15","2152.91","84713000","India","Germany","Port of Cochin","Port of Hamburg","2026-01-08","31","pending","0.0","overdue","65.0","20ft"
"232","3","1","1765","5.12","9027.98","CIF","2197.68","0.0","62091000","India","USA","JNPT Mumbai","Port of Long Beach","2025-11-27","33","cleared","367.55","pending","","40ft"
"233","6","2","423","14.37","6080.62","FOB","0.0","0.0","62035200","India","Germany","Port of Cochin","Port of Hamburg","2026-01-30","28","pending","0.0","pending","","LCL"
"234","6","2","2583","14.75","38099.25","CIF","2038.33","557.04","62035200","India","Japan","Port of Chennai","Port of Tokyo","2026-01-16","14","cleared","1839.77","pending","","40ft"
"235","6","1","2734","6.1","16691.07","CIF","1070.99","143.42","62091000","India","UK","JNPT Mumbai","Port of Rotterdam","2026-01-01","27","cleared","671.92","pending","","LCL"
"236","4","8","2723","1.4","3823.09","DDP","2926.76","34.94","40169000","India","China","JNPT Mumbai","Port of Shanghai","2025-12-04","13","rejected","0.0","received","40.0","40ft"
"237","1","2","3520","11.5","40480.0","EXW","0.0","0.0","62035200","India","Malaysia","JNPT Mumbai","Port of Port Klang","2025-12-28","9","rejected","0.0","overdue","39.0","LCL"
"238","5","12","4610","7.16","32984.55","DDP","3712.12","249.8","09101900","India","Singapore","Port of Cochin","Port of Singapore","2026-02-06","12","cleared","1477.44","overdue","64.0","40ft"
"239","5","9","1246","20.44","25465.12","CIF","2476.63","265.38","60022000","India","China","JNPT Mumbai","Port of Shanghai","2026-01-22","10","pending","0.0","overdue","37.0","20ft"
"240","5","1","3478","4.68","16259.65","FOB","0.0","0.0","62091000","India","UK","JNPT Mumbai","Port of Rotterdam","2025-11-24","26","cleared","717.76","overdue","35.0","20ft"
"241","4","3","595","89.25","53103.75","CIF","3666.89","522.12","84713000","India","Germany","Port of Cochin","Port of Hamburg","2025-11-18","32","pending","0.0","overdue","55.0","40ft"
"242","1","10","2350","4.54","10680.75","DDP","930.03","107.04","85395000","India","Canada","JNPT Mumbai","Port of Vancouver","2025-12-08","36","cleared","343.28","received","13.0","LCL"
"243","1","4","4412","2.02","8934.3","CIF","1031.66","51.73","39269090","India","UK","JNPT Mumbai","Port of Rotterdam","2026-01-13","29","cleared","368.99","received","17.0","LCL"
"244","3","8","359","1.01","361.87","EXW","0.0","0.0","40169000","India","Hong Kong","Port of Cochin","Port of Hong Kong","2026-01-03","14","cleared","14.86","overdue","33.0","LCL"
"245","3","8","4194","1.37","5737.39","FOB","0.0","0.0","40169000","India","Hong Kong","Port of Cochin","Port of Hong Kong","2026-01-27","13","cleared","284.27","overdue","36.0","20ft"
"246","2","1","4743","5.44","25825.64","FOB","0.0","0.0","62091000","India","UK","JNPT Mumbai","Port of Rotterdam","2025-11-25","23","cleared","1128.29","received","33.0","LCL"
"247","5","9","1797","19.31","34704.56","FOB","0.0","0.0","60022000","India","Singapore","Port of Cochin","Port of Singapore","2025-11-25","11","pending","0.0","received","29.0","20ft"
"248","4","11","3287","8.83","29015.99","CIF","1310.84","0.0","83062000","India","Canada","JNPT Mumbai","Port of Vancouver","2026-02-12","32","cleared","1290.73","overdue","87.0","LCL"
"249","1","7","2001","3.99","7983.99","EXW","0.0","0.0","69099000","India","Canada","JNPT Mumbai","Port of Vancouver","2026-02-01","35","cleared","362.31","received","22.0","40ft"
"250","1","9","3790","18.75","71062.5","EXW","0.0","0.0","60022000","India","Netherlands","Port of Cochin","Port of Rotterdam","2026-01-25","29","rejected","0.0","received","22.0","40ft"
